from_id	to_id	tstart	tend	rate	overlap
3	4	266.666666666667	200	50	1
6	4	133.333333333333	100	75	1
