pop_id	N	parent_id	tsplit	tremove
0	10000	-1	-1	-1
1	2000	0	1700	900
2	4000	1	933.333333333333	200
3	8000	1	933.333333333333	200
4	5000	2	833.333333333333	-1
5	6000	2	233.333333333333	66.6666666666667
6	1000	5	200	96.6666666666667
